year;loc;rep;blk;plt;BlockX;BlockY;pgl;genPlan;gen;yld
y17;lim;r1;b1;1;2;1;RGS188;D37OTT01;MER;85,55555556
y17;lim;r1;b1;2;3;1;RGS167;D37QUA17;D37QUA17;86,98412698
y17;lim;r1;b1;3;4;1;RGS242;ANTETI14;ANTETI14;91,58730159
y17;lim;r1;b1;4;5;1;RGS120;D33MER20;D33MER20;82,6984127
y17;lim;r1;b1;5;6;1;RGS258;ETI;ETI;96,66666667
y17;lim;r1;b1;6;7;1;RGS194;D37OTT07;D37OTT07;83,96825397
y17;lim;r1;b1;7;8;1;RGS189;D37OTT02;D37OTT02;95,87301587
y17;lim;r1;b1;8;9;1;RGS149;D33ETI19;D33ETI19;95,23809524
y17;lim;r1;b1;9;10;1;RGS032;101JEN12;101JEN12;90,79365079
y17;lim;r1;b1;10;11;1;RGS037;101ETI05;101ETI05;81,58730159
y17;lim;r1;b1;11;12;1;RGS254;D37;D37;55,71428571
y17;lim;r1;b1;12;13;1;RGS123;D33QUA01;D33QUA01;94,12698413
y17;lim;r1;b1;13;14;1;RGS209;ANTMER09;ANTMER09;103,015873
y17;lim;r1;b1;14;15;1;RGS121;D33MER21;D33MER21;100
y17;lim;r1;b1;15;16;1;RGS176;D37QUA26;D37QUA26;83,33333333
y17;lim;r1;b1;16;17;1;RGS238;ANTETI10;ANTETI10;98,41269841
y17;lim;r1;b1;17;18;1;RGS252;146;146;79,36507937
y17;lim;r1;b1;18;19;1;RGS015;101MER15;101MER15;76,98412698
y17;lim;r1;b1;19;20;1;RGS221;ANTQUA05;ANTQUA05;NA
y17;lim;r1;b1;20;21;1;RGS014;101MER14;101MER14;NA
y17;lim;r1;b1;21;22;1;RGS239;ANTETI11;ANTETI11;97,93650794
y17;lim;r1;b1;22;23;1;RGS107;D33MER07;D33MER07;98,0952381
y17;lim;r1;b1;23;24;1;RGS256;ANT;ANT;105,0793651
y17;lim;r1;b1;24;25;1;RGS135;D33ETI05;D33ETI05;94,6031746
y17;lim;r1;b1;25;26;1;RGS113;D33MER13;D33MER13;90,47619048
y17;lim;r1;b1;26;27;1;RGS245;ANTETI17;ANTETI17;93,80952381
y17;lim;r1;b1;27;28;1;RGS139;D33ETI09;MER;95,23809524
y17;lim;r1;b1;28;29;1;RGS075;146JEN05;146JEN05;76,82539683
y17;lim;r1;b1;29;30;1;RGS260;QUA;QUA;100,1587302
y17;lim;r1;b1;30;31;1;RGS095;146OTT05;146OTT05;77,46031746
y17;lim;r1;b1;31;31;2;RGS009;101MER09;101MER09;89,04761905
y17;lim;r1;b1;32;30;2;RGS012;101MER12;101MER12;77,46031746
y17;lim;r1;b1;33;29;2;RGS076;146JEN06;146JEN06;76,50793651
y17;lim;r1;b1;34;28;2;RGS142;D33ETI12;D33ETI12;93,65079365
y17;lim;r1;b1;35;27;2;RGS255;OTT;OTT;94,12698413
y17;lim;r1;b1;36;26;2;RGS064;146QUA04;146QUA04;76,66666667
y17;lim;r1;b1;37;25;2;RGS216;ANTMER16;ANTMER16;96,50793651
y17;lim;r1;b1;38;24;2;RGS218;ANTQUA02;ANTQUA02;105,7142857
y17;lim;r1;b1;39;23;2;RGS098;146OTT08;146OTT08;70,63492063
y17;lim;r1;b1;40;22;2;RGS055;146MER05;146MER05;89,36507937
y17;lim;r1;b1;41;21;2;RGS251;101;101;81,26984127
y17;lim;r1;b1;42;20;2;RGS240;ANTETI12;ANTETI12;79,36507937
y17;lim;r1;b1;43;19;2;RGS192;D37OTT05;D37OTT05;81,26984127
y17;lim;r1;b1;44;18;2;RGS059;146MER09;146MER09;82,22222222
y17;lim;r1;b1;45;17;2;RGS111;D33MER11;D33MER11;90,79365079
y17;lim;r1;b1;46;16;2;RGS152;D37QUA02;D37QUA02;71,42857143
y17;lim;r1;b1;47;15;2;RGS257;MER;MER;100
y17;lim;r1;b1;48;14;2;RGS077;146JEN07;146JEN07;73,17460317
y17;lim;r1;b1;49;13;2;RGS072;146JEN02;146JEN02;86,03174603
y17;lim;r1;b1;50;12;2;RGS052;146MER02;146MER02;91,11111111
y17;lim;r1;b1;51;11;2;RGS049;101OTT06;MER;97,14285714
y17;lim;r1;b1;52;10;2;RGS230;ANTETI02;ANTETI02;85,87301587
y17;lim;r1;b1;53;9;2;RGS259;JEN;JEN;97,3015873
y17;lim;r1;b1;54;8;2;RGS231;ANTETI03;ANTETI03;85,23809524
y17;lim;r1;b1;55;7;2;RGS117;D33MER17;D33MER17;90
y17;lim;r1;b1;56;6;2;RGS237;ANTETI09;ANTETI09;87,77777778
y17;lim;r1;b1;57;5;2;RGS170;D37QUA20;D37QUA20;74,12698413
y17;lim;r1;b1;58;4;2;RGS125;D33QUA03;D33QUA03;86,98412698
y17;lim;r1;b1;59;3;2;RGS253;D33;D33;81,26984127
y17;lim;r1;b1;60;2;2;RGS083;146ETI06;146ETI06;79,20634921
y17;lim;r1;b2;101;2;3;RGS105;D33MER05;D33MER05;85,23809524
y17;lim;r1;b2;102;3;3;RGS166;D37QUA16;D37QUA16;73,80952381
y17;lim;r1;b2;103;4;3;RGS079;146ETI02;146ETI02;63,49206349
y17;lim;r1;b2;104;5;3;RGS197;D37OTT10;D37OTT10;79,36507937
y17;lim;r1;b2;105;6;3;RGS260;QUA;QUA;95,23809524
y17;lim;r1;b2;106;7;3;RGS248;ANTOTT02;ANTOTT02;79,36507937
y17;lim;r1;b2;107;8;3;RGS106;D33MER06;D33MER06;78,25396825
y17;lim;r1;b2;108;9;3;RGS001;101MER01;101MER01;78,57142857
y17;lim;r1;b2;109;10;3;RGS103;D33MER03;D33MER03;88,0952381
y17;lim;r1;b2;110;11;3;RGS156;D37QUA06;D37QUA06;72,22222222
y17;lim;r1;b2;111;12;3;RGS256;ANT;ANT;87,3015873
y17;lim;r1;b2;112;13;3;RGS051;146MER01;146MER01;79,52380952
y17;lim;r1;b2;113;14;3;RGS229;ANTETI01;ANTETI01;79,84126984
y17;lim;r1;b2;114;15;3;RGS019;101MER19;101MER19;68,25396825
y17;lim;r1;b2;115;16;3;RGS084;146ETI07;146ETI07;73,96825397
y17;lim;r1;b2;116;17;3;RGS023;101JEN03;101JEN03;84,44444444
y17;lim;r1;b2;117;18;3;RGS254;D37;D37;67,3015873
y17;lim;r1;b2;118;19;3;RGS061;146QUA01;146QUA01;76,50793651
y17;lim;r1;b2;119;20;3;RGS007;101MER07;101MER07;77,61904762
y17;lim;r1;b2;120;21;3;RGS145;D33ETI15;MER;85,87301587
y17;lim;r1;b2;121;22;3;RGS249;ANTOTT03;ANTOTT03;79,36507937
y17;lim;r1;b2;122;23;3;RGS136;D33ETI06;D33ETI06;77,61904762
y17;lim;r1;b2;123;24;3;RGS258;ETI;ETI;90,47619048
y17;lim;r1;b2;124;25;3;RGS225;ANTQUA09;ANTQUA09;90,15873016
y17;lim;r1;b2;125;26;3;RGS031;101JEN11;101JEN11;75,87301587
y17;lim;r1;b2;126;27;3;RGS042;101ETI10;101ETI10;66,66666667
y17;lim;r1;b2;127;28;3;RGS220;ANTQUA04;ANTQUA04;90
y17;lim;r1;b2;128;29;3;RGS067;146QUA07;146QUA07;85,07936508
y17;lim;r1;b2;129;30;3;RGS252;146;146;70,47619048
y17;lim;r1;b2;130;31;3;RGS146;D33ETI16;D33ETI16;86,50793651
y17;lim;r1;b2;131;31;4;RGS091;146OTT01;146OTT01;80,79365079
y17;lim;r1;b2;132;30;4;RGS016;101MER16;101MER16;92,06349206
y17;lim;r1;b2;133;29;4;RGS063;146QUA03;146QUA03;71,58730159
y17;lim;r1;b2;134;28;4;RGS068;146QUA08;146QUA08;72,53968254
y17;lim;r1;b2;135;27;4;RGS257;MER;MER;96,50793651
y17;lim;r1;b2;136;26;4;RGS040;101ETI08;101ETI08;88,88888889
y17;lim;r1;b2;137;25;4;RGS041;101ETI09;101ETI09;78,73015873
y17;lim;r1;b2;138;24;4;RGS036;101ETI04;101ETI04;80,95238095
y17;lim;r1;b2;139;23;4;RGS088;146ETI12;146ETI12;73,01587302
y17;lim;r1;b2;140;22;4;RGS110;D33MER10;D33MER10;98,57142857
y17;lim;r1;b2;141;21;4;RGS253;D33;D33;82,85714286
y17;lim;r1;b2;142;20;4;RGS205;ANTMER05;ANTMER05;92,38095238
y17;lim;r1;b2;143;19;4;RGS112;D33MER12;D33MER12;88,57142857
y17;lim;r1;b2;144;18;4;RGS045;101ETI13;101ETI13;69,36507937
y17;lim;r1;b2;145;17;4;RGS157;D37QUA07;D37QUA07;84,92063492
y17;lim;r1;b2;146;16;4;RGS181;D37QUA31;D37QUA31;92,38095238
y17;lim;r1;b2;147;15;4;RGS259;JEN;JEN;100,7936508
y17;lim;r1;b2;148;14;4;RGS201;ANTMER01;ANTMER01;95,55555556
y17;lim;r1;b2;149;13;4;RGS202;ANTMER02;ANTMER02;99,36507937
y17;lim;r1;b2;150;12;4;RGS029;101JEN09;101JEN09;72,6984127
y17;lim;r1;b2;151;11;4;RGS180;D37QUA30;MER;100
y17;lim;r1;b2;152;10;4;RGS030;101JEN10;101JEN10;71,11111111
y17;lim;r1;b2;153;9;4;RGS251;101;101;91,74603175
y17;lim;r1;b2;154;8;4;RGS087;146ETI10;146ETI10;70,95238095
y17;lim;r1;b2;155;7;4;RGS056;146MER06;146MER06;80,15873016
y17;lim;r1;b2;156;6;4;RGS013;101MER13;101MER13;75,3968254
y17;lim;r1;b2;157;5;4;RGS062;146QUA02;146QUA02;81,58730159
y17;lim;r1;b2;158;4;4;RGS223;ANTQUA07;ANTQUA07;103,8095238
y17;lim;r1;b2;159;3;4;RGS255;OTT;OTT;85,87301587
y17;lim;r1;b2;160;2;4;RGS159;D37QUA09;D37QUA09;88,41269841
y17;lim;r1;b3;201;2;5;RGS203;ANTMER03;ANTMER03;88,41269841
y17;lim;r1;b3;202;3;5;RGS184;D37QUA34;D37QUA34;83,80952381
y17;lim;r1;b3;203;4;5;RGS213;ANTMER13;ANTMER13;98,41269841
y17;lim;r1;b3;204;5;5;RGS024;101JEN04;101JEN04;72,53968254
y17;lim;r1;b3;205;6;5;RGS256;ANT;ANT;94,44444444
y17;lim;r1;b3;206;7;5;RGS222;ANTQUA06;ANTQUA06;94,92063492
y17;lim;r1;b3;207;8;5;RGS133;D33ETI03;MER;99,20634921
y17;lim;r1;b3;208;9;5;RGS101;D33MER01;D33MER01;84,76190476
y17;lim;r1;b3;209;10;5;RGS008;101MER08;101MER08;86,03174603
y17;lim;r1;b3;210;11;5;RGS010;101MER10;101MER10;80,63492063
y17;lim;r1;b3;211;12;5;RGS252;146;146;NA
y17;lim;r1;b3;212;13;5;RGS119;D33MER19;D33MER19;92,85714286
y17;lim;r1;b3;213;14;5;RGS003;101MER03;101MER03;70,95238095
y17;lim;r1;b3;214;15;5;RGS058;146MER08;146MER08;77,77777778
y17;lim;r1;b3;215;16;5;RGS243;ANTETI15;ANTETI15;90,63492063
y17;lim;r1;b3;216;17;5;RGS199;D37OTT12;MER;80,47619048
y17;lim;r1;b3;217;18;5;RGS260;QUA;QUA;92,22222222
y17;lim;r1;b3;218;19;5;RGS214;ANTMER14;ANTMER14;101,5873016
y17;lim;r1;b3;219;20;5;RGS021;101JEN01;101JEN01;95,3968254
y17;lim;r1;b3;220;21;5;RGS082;146ETI05;146ETI05;75,71428571
y17;lim;r1;b3;221;22;5;RGS165;D37QUA15;D37QUA15;96,50793651
y17;lim;r1;b3;222;23;5;RGS096;146OTT06;146OTT06;66,50793651
y17;lim;r1;b3;223;24;5;RGS254;D37;D37;59,36507937
y17;lim;r1;b3;224;25;5;RGS122;D33MER22;MER;100,3174603
y17;lim;r1;b3;225;26;5;RGS196;D37OTT09;D37OTT09;91,11111111
y17;lim;r1;b3;226;27;5;RGS219;ANTQUA03;ANTQUA03;102,5396825
y17;lim;r1;b3;227;28;5;RGS178;D37QUA28;D37QUA28;85,71428571
y17;lim;r1;b3;228;29;5;RGS118;D33MER18;D33MER18;89,36507937
y17;lim;r1;b3;229;30;5;RGS258;ETI;ETI;97,14285714
y17;lim;r1;b3;230;31;5;RGS171;D37QUA21;D37QUA21;95,07936508
y17;lim;r1;b3;231;31;6;RGS147;D33ETI17;D33ETI17;96,66666667
y17;lim;r1;b3;232;30;6;RGS235;ANTETI07;ANTETI07;91,74603175
y17;lim;r1;b3;233;29;6;RGS246;ANTETI18;ANTETI18;92,38095238
y17;lim;r1;b3;234;28;6;RGS226;ANTQUA10;ANTQUA10;101,1111111
y17;lim;r1;b3;235;27;6;RGS253;D33;D33;83,17460317
y17;lim;r1;b3;236;26;6;RGS208;ANTMER08;ANTMER08;99,52380952
y17;lim;r1;b3;237;25;6;RGS089;146ETI13;146ETI13;85,07936508
y17;lim;r1;b3;238;24;6;RGS025;101JEN05;101JEN05;77,61904762
y17;lim;r1;b3;239;23;6;RGS004;101MER04;101MER04;87,14285714
y17;lim;r1;b3;240;22;6;RGS020;101QUA01;101QUA01;74,6031746
y17;lim;r1;b3;241;21;6;RGS259;JEN;JEN;92,06349206
y17;lim;r1;b3;242;20;6;RGS224;ANTQUA08;ANTQUA08;85,71428571
y17;lim;r1;b3;243;19;6;RGS092;146OTT02;146OTT02;76,19047619
y17;lim;r1;b3;244;18;6;RGS047;101OTT04;MER;95,23809524
y17;lim;r1;b3;245;17;6;RGS198;D37OTT11;D37OTT11;83,33333333
y17;lim;r1;b3;246;16;6;RGS114;D33MER14;D33MER14;93,49206349
y17;lim;r1;b3;247;15;6;RGS255;OTT;OTT;88,57142857
y17;lim;r1;b3;248;14;6;RGS158;D37QUA08;D37QUA08;89,04761905
y17;lim;r1;b3;249;13;6;RGS034;101ETI02;101ETI02;72,22222222
y17;lim;r1;b3;250;12;6;RGS204;ANTMER04;ANTMER04;93,80952381
y17;lim;r1;b3;251;11;6;RGS038;101ETI06;101ETI06;83,33333333
y17;lim;r1;b3;252;10;6;RGS097;146OTT07;146OTT07;85,55555556
y17;lim;r1;b3;253;9;6;RGS257;MER;MER;98,41269841
y17;lim;r1;b3;254;8;6;RGS066;146QUA06;146QUA06;89,52380952
y17;lim;r1;b3;255;7;6;RGS137;D33ETI07;D33ETI07;73,01587302
y17;lim;r1;b3;256;6;6;RGS233;ANTETI05;ANTETI05;79,36507937
y17;lim;r1;b3;257;5;6;RGS177;D37QUA27;D37QUA27;71,42857143
y17;lim;r1;b3;258;4;6;RGS130;D33QUA08;D33QUA08;81,11111111
y17;lim;r1;b3;259;3;6;RGS251;101;101;78,41269841
y17;lim;r1;b3;260;2;6;RGS074;146JEN04;146JEN04;72,85714286
y17;lim;r1;b4;301;2;7;RGS053;146MER03;146MER03;85,3968254
y17;lim;r1;b4;302;3;7;RGS018;101MER18;101MER18;71,42857143
y17;lim;r1;b4;303;4;7;RGS081;146ETI04;146ETI04;63,65079365
y17;lim;r1;b4;304;5;7;RGS065;146QUA05;146QUA05;88,73015873
y17;lim;r1;b4;305;6;7;RGS252;146;146;68,25396825
y17;lim;r1;b4;306;7;7;RGS116;D33MER16;D33MER16;89,68253968
y17;lim;r1;b4;307;8;7;RGS054;146MER04;146MER04;86,66666667
y17;lim;r1;b4;308;9;7;RGS093;146OTT03;146OTT03;79,52380952
y17;lim;r1;b4;309;10;7;RGS241;ANTETI13;ANTETI13;104,2857143
y17;lim;r1;b4;310;11;7;RGS039;101ETI07;101ETI07;92,6984127
y17;lim;r1;b4;311;12;7;RGS258;ETI;ETI;105,5555556
y17;lim;r1;b4;312;13;7;RGS044;101ETI12;101ETI12;71,11111111
y17;lim;r1;b4;313;14;7;RGS172;D37QUA22;MER;105,8730159
y17;lim;r1;b4;314;15;7;RGS173;D37QUA23;D37QUA23;103,3333333
y17;lim;r1;b4;315;16;7;RGS200;D37OTT13;MER;100
y17;lim;r1;b4;316;17;7;RGS228;ANTQUA12;ANTQUA12;102,6984127
y17;lim;r1;b4;317;18;7;RGS256;ANT;ANT;94,92063492
y17;lim;r1;b4;318;19;7;RGS174;D37QUA24;D37QUA24;86,66666667
y17;lim;r1;b4;319;20;7;RGS212;ANTMER12;ANTMER12;107,9365079
y17;lim;r1;b4;320;21;7;RGS057;146MER07;146MER07;97,3015873
y17;lim;r1;b4;321;22;7;RGS100;146OTT10;146OTT10;78,88888889
y17;lim;r1;b4;322;23;7;RGS090;146ETI14;146ETI14;73,80952381
y17;lim;r1;b4;323;24;7;RGS260;QUA;QUA;104,7619048
y17;lim;r1;b4;324;25;7;RGS109;D33MER09;D33MER09;92,38095238
y17;lim;r1;b4;325;26;7;RGS183;D37QUA33;D37QUA33;103,3333333
y17;lim;r1;b4;326;27;7;RGS099;146OTT09;146OTT09;80
y17;lim;r1;b4;327;28;7;RGS236;ANTETI08;ANTETI08;89,52380952
y17;lim;r1;b4;328;29;7;RGS005;101MER05;101MER05;85,55555556
y17;lim;r1;b4;329;30;7;RGS254;D37;D37;73,01587302
y17;lim;r1;b4;330;31;7;RGS154;D37QUA04;D37QUA04;99,36507937
y17;lim;r1;b4;331;31;8;RGS078;146ETI01;146ETI01;92,53968254
y17;lim;r1;b4;332;30;8;RGS022;101JEN02;MER;95,23809524
y17;lim;r1;b4;333;29;8;RGS046;101ETI14;101ETI14;86,19047619
y17;lim;r1;b4;334;28;8;RGS141;D33ETI11;MER;95,23809524
y17;lim;r1;b4;335;27;8;RGS259;JEN;JEN;106,984127
y17;lim;r1;b4;336;26;8;RGS132;D33ETI02;D33ETI02;94,76190476
y17;lim;r1;b4;337;25;8;RGS190;D37OTT03;D37OTT03;85,07936508
y17;lim;r1;b4;338;24;8;RGS150;D33ETI20;D33ETI20;96,19047619
y17;lim;r1;b4;339;23;8;RGS215;ANTMER15;ANTMER15;97,77777778
y17;lim;r1;b4;340;22;8;RGS026;101JEN06;101JEN06;91,26984127
y17;lim;r1;b4;341;21;8;RGS255;OTT;OTT;101,1111111
y17;lim;r1;b4;342;20;8;RGS094;146OTT04;146OTT04;71,42857143
y17;lim;r1;b4;343;19;8;RGS244;ANTETI16;ANTETI16;88,41269841
y17;lim;r1;b4;344;18;8;RGS126;D33QUA04;D33QUA04;102,3809524
y17;lim;r1;b4;345;17;8;RGS217;ANTQUA01;ANTQUA01;103,4920635
y17;lim;r1;b4;346;16;8;RGS127;D33QUA05;D33QUA05;99,20634921
y17;lim;r1;b4;347;15;8;RGS251;101;101;73,33333333
y17;lim;r1;b4;348;14;8;RGS234;ANTETI06;ANTETI06;107,1428571
y17;lim;r1;b4;349;13;8;RGS138;D33ETI08;D33ETI08;89,52380952
y17;lim;r1;b4;350;12;8;RGS027;101JEN07;101JEN07;84,92063492
y17;lim;r1;b4;351;11;8;RGS073;146JEN03;MER;95,23809524
y17;lim;r1;b4;352;10;8;RGS161;D37QUA11;D37QUA11;81,42857143
y17;lim;r1;b4;353;9;8;RGS253;D33;D33;78,73015873
y17;lim;r1;b4;354;8;8;RGS080;146ETI03;146ETI03;79,36507937
y17;lim;r1;b4;355;7;8;RGS011;101MER11;101MER11;100,6349206
y17;lim;r1;b4;356;6;8;RGS169;D37QUA19;D37QUA19;93,01587302
y17;lim;r1;b4;357;5;8;RGS134;D33ETI04;D33ETI04;94,12698413
y17;lim;r1;b4;358;4;8;RGS162;D37QUA12;D37QUA12;91,74603175
y17;lim;r1;b4;359;3;8;RGS257;MER;MER;105,0793651
y17;lim;r1;b4;360;2;8;RGS179;D37QUA29;D37QUA29;86,98412698
y17;lim;r1;b5;401;2;9;RGS033;101ETI01;101ETI01;71,58730159
y17;lim;r1;b5;402;3;9;RGS186;D37QUA36;D37QUA36;82,38095238
y17;lim;r1;b5;403;4;9;RGS182;D37QUA32;D37QUA32;76,34920635
y17;lim;r1;b5;404;5;9;RGS191;D37OTT04;D37OTT04;93,33333333
y17;lim;r1;b5;405;6;9;RGS254;D37;D37;75,55555556
y17;lim;r1;b5;406;7;9;RGS187;D37QUA37;D37QUA37;80,79365079
y17;lim;r1;b5;407;8;9;RGS131;D33ETI01;D33ETI01;92,53968254
y17;lim;r1;b5;408;9;9;RGS250;ANTOTT04;ANTOTT04;102,5396825
y17;lim;r1;b5;409;10;9;RGS185;D37QUA35;D37QUA35;81,58730159
y17;lim;r1;b5;410;11;9;RGS193;D37OTT06;D37OTT06;NA
y17;lim;r1;b5;411;12;9;RGS260;QUA;QUA;106,031746
y17;lim;r1;b5;412;13;9;RGS164;D37QUA14;MER;105,7142857
y17;lim;r1;b5;413;14;9;RGS206;ANTMER06;ANTMER06;107,9365079
y17;lim;r1;b5;414;15;9;RGS085;146ETI08;146ETI08;77,93650794
y17;lim;r1;b5;415;16;9;RGS151;D37QUA01;D37QUA01;76,98412698
y17;lim;r1;b5;416;17;9;RGS115;D33MER15;D33MER15;101,7460317
y17;lim;r1;b5;417;18;9;RGS258;ETI;ETI;103,015873
y17;lim;r1;b5;418;19;9;RGS227;ANTQUA11;ANTQUA11;96,82539683
y17;lim;r1;b5;419;20;9;RGS144;D33ETI14;D33ETI14;95,23809524
y17;lim;r1;b5;420;21;9;RGS232;ANTETI04;ANTETI04;107,3015873
y17;lim;r1;b5;421;22;9;RGS043;101ETI11;101ETI11;92,85714286
y17;lim;r1;b5;422;23;9;RGS211;ANTMER11;ANTMER11;107,9365079
y17;lim;r1;b5;423;24;9;RGS252;146;146;65,23809524
y17;lim;r1;b5;424;25;9;RGS195;D37OTT08;D37OTT08;84,12698413
y17;lim;r1;b5;425;26;9;RGS086;146ETI09;146ETI09;78,73015873
y17;lim;r1;b5;426;27;9;RGS028;101JEN08;101JEN08;92,06349206
y17;lim;r1;b5;427;28;9;RGS210;ANTMER10;ANTMER10;108,8888889
y17;lim;r1;b5;428;29;9;RGS071;146JEN01;146JEN01;75,71428571
y17;lim;r1;b5;429;30;9;RGS256;ANT;ANT;95,23809524
y17;lim;r1;b5;430;31;9;RGS050;101OTT09;101OTT09;91,42857143
y17;lim;r1;b5;431;31;10;RGS160;D37QUA10;MER;98,88888889
y17;lim;r1;b5;432;30;10;RGS104;D33MER04;D33MER04;93,33333333
y17;lim;r1;b5;433;29;10;RGS128;D33QUA06;MER;98,57142857
y17;lim;r1;b5;434;28;10;RGS140;D33ETI10;D33ETI10;87,93650794
y17;lim;r1;b5;435;27;10;RGS251;101;101;87,3015873
y17;lim;r1;b5;436;26;10;RGS017;101MER17;101MER17;82,85714286
y17;lim;r1;b5;437;25;10;RGS129;D33QUA07;D33QUA07;105,3968254
y17;lim;r1;b5;438;24;10;RGS002;101MER02;101MER02;95,55555556
y17;lim;r1;b5;439;23;10;RGS148;D33ETI18;D33ETI18;89,20634921
y17;lim;r1;b5;440;22;10;RGS108;D33MER08;D33MER08;86,82539683
y17;lim;r1;b5;441;21;10;RGS257;MER;MER;104,6031746
y17;lim;r1;b5;442;20;10;RGS155;D37QUA05;D37QUA05;100,7936508
y17;lim;r1;b5;443;19;10;RGS048;101OTT05;101OTT05;68,25396825
y17;lim;r1;b5;444;18;10;RGS247;ANTOTT01;ANTOTT01;99,04761905
y17;lim;r1;b5;445;17;10;RGS069;146QUA09;146QUA09;92,6984127
y17;lim;r1;b5;446;16;10;RGS124;D33QUA02;D33QUA02;104,2857143
y17;lim;r1;b5;447;15;10;RGS253;D33;D33;75,3968254
y17;lim;r1;b5;448;14;10;RGS207;ANTMER07;ANTMER07;98,0952381
y17;lim;r1;b5;449;13;10;RGS163;D37QUA13;D37QUA13;82,22222222
y17;lim;r1;b5;450;12;10;RGS035;101ETI03;101ETI03;58,73015873
y17;lim;r1;b5;451;11;10;RGS168;D37QUA18;D37QUA18;83,65079365
y17;lim;r1;b5;452;10;10;RGS006;101MER06;101MER06;64,76190476
y17;lim;r1;b5;453;9;10;RGS255;OTT;OTT;92,38095238
y17;lim;r1;b5;454;8;10;RGS060;146MER10;146MER10;65,3968254
y17;lim;r1;b5;455;7;10;RGS175;D37QUA25;D37QUA25;94,12698413
y17;lim;r1;b5;456;6;10;RGS070;146QUA10;146QUA10;86,98412698
y17;lim;r1;b5;457;5;10;RGS153;D37QUA03;D37QUA03;75,23809524
y17;lim;r1;b5;458;4;10;RGS143;D33ETI13;D33ETI13;84,6031746
y17;lim;r1;b5;459;3;10;RGS259;JEN;JEN;104,1269841
y17;lim;r1;b5;460;2;10;RGS102;D33MER02;D33MER02;82,38095238
